<?xml version="1.0" encoding="utf-8"?>
<!DOCTYPE dtbook
  PUBLIC "-//NISO//DTD dtbook 2005-3//EN" "http://www.daisy.org/z3986/2005/dtbook-2005-3.dtd">
<dtbook xmlns="http://www.daisy.org/z3986/2005/dtbook/" version="2005-3" xml:lang="de">
  <head>
    <meta name="dc:Title" content="Lorem Ipsum"/>
    <meta name="dc:Creator" content="Lorem Ipsum"/>
    <meta name="dc:Subject" content=""/>
    <meta name="dc:Description" content=""/>
    <meta name="dc:Publisher" content="SBS Schweizerische Bibliothek für Blinde, Seh- und Lesebehinderte"/>
    <meta name="dc:Date" content="2025-01-15"/>
    <meta name="dc:Type" content="Text"/>
    <meta name="dc:Format" content="ANSI/NISO Z39.86-2005"/>
    <meta name="dc:Identifier" content="01948da6-bc62-7072-93b7-63a3af1a73ef"/>
    <meta name="dc:Source" content="978-1-5697-2290-9"/>
    <meta name="dc:Language" content="de"/>
    <meta name="dc:Rights" content=""/>
    <meta name="dtb:uid" content="01948da6-bc62-7072-93b7-63a3af1a73ef"/>
    <meta name="dtb:sourceEdition" content=""/>
    <meta name="dtb:sourcePublisher" content=""/>
    <meta name="dtb:sourceRights" content=""/>
    <meta name="prod:series" content=""/>
    <meta name="prod:seriesNumber" content=""/>
  </head>
  <book>
    <frontmatter>
      <doctitle>Titel <br/> Untertitel</doctitle>
      <docauthor>Blindtextgenerator</docauthor>
      <level1 class="titlepage">
        <level2>
          <p>Roman</p>
          <p>Aus dem Englischen von Hans Muster</p>
          <p class="sourcePublisher">Originalverlag</p>
        </level2>
        <level2>
          <p>© 2009 Lorem &amp; Ipsum</p>
          <p>im Lorem Ipsum Verlag Loremstadt</p>
          <p>
            <abbr>ISBN</abbr>
            <span>978-3-312-00449-2</span>
          </p>
        </level2>
      </level1>
      <level1 class="toc">
        <list type="pl">
          <li><lic>Lorem</lic><lic>34</lic></li>
          <li><lic>Ipsum</lic><lic>35</lic></li>
        </list>
      </level1>
      <level1>
        <level2>
          <h2>Trapattoni</h2>
          <p>Es gibt im Moment in diese Mannschaft, oh, einige Spieler
          vergessen ihnen Profi was sie sind. Ich lese nicht sehr
          viele Zeitungen, aber ich habe gehört viele Situationen.
          Erstens: wir haben nicht offensiv gespielt. Es gibt keine
          deutsche Mannschaft spielt offensiv und die Name offensiv
          wie Bayern. Letzte Spiel hatten wir in Platz drei Spitzen:
          Elber, Jancka und dann Zickler. Wir müssen nicht vergessen
          Zickler. Zickler ist eine Spitzen mehr, Mehmet eh mehr
          Basler. Ist klar diese Wörter, ist möglich verstehen, was
          ich hab gesagt? Danke. Offensiv, offensiv ist wie machen wir
          in Platz. Zweitens: ich habe erklärt mit diese zwei Spieler:
          nach Dortmund brauchen vielleicht Halbzeit Pause. Ich habe
          auch andere Mannschaften gesehen in Europa nach diese
          Mittwoch. Ich habe gesehen auch zwei Tage die Training. Ein
          Trainer ist nicht ein Idiot! Ein Trainer sei sehen was
          passieren in Platz. In diese Spiel es waren zwei, drei diese
          Spieler waren schwach wie eine Flasche leer! Haben Sie
          gesehen Mittwoch, welche Mannschaft hat gespielt Mittwoch?
          Hat gespielt Mehmet oder gespielt Basler oder hat gespielt
          Trapattoni? Diese Spieler beklagen mehr als sie spielen!
          Wissen Sie, warum die Italienmannschaften kaufen nicht diese
          Spieler? Weil wir haben gesehen viele Male solche Spiel!
          Haben fertig.</p>
	  <p>Er hörte leise Schritte hinter sich. Das bedeutete nichts
	  Gutes. Wer würde ihm schon folgen, spät in der Nacht und
	  dazu noch in dieser engen Gasse mitten im übel beleumundeten
	  Hafenviertel? Gerade jetzt, wo er das Ding seines Lebens
	  gedreht hatte und mit der Beute verschwinden wollte! Hatte
	  einer seiner zahllosen Kollegen dieselbe Idee gehabt, ihn
	  beobachtet und abgewartet, um ihn nun um die Früchte seiner
	  Arbeit zu erleichtern? Oder gehörten die Schritte hinter ihm
	  zu einem der unzähligen Gesetzeshüter dieser Stadt, und die
	  stählerne Acht um seine Handgelenke würde gleich
	  zuschnappen? Er konnte die Aufforderung stehen zu bleiben
	  schon hören. Gehetzt sah er sich um. Plötzlich erblickte er
	  den schmalen Durchgang. Blitzartig drehte er sich nach
	  rechts und verschwand zwischen den beiden Gebäuden. Beinahe
	  wäre er dabei über den umgestürzten Mülleimer gefallen, der
	  mitten im Weg lag. Er versuchte, sich in der Dunkelheit
	  seinen Weg zu ertasten und erstarrte: Anscheinend gab es
	  keinen anderen Ausweg aus diesem kleinen Hof als den
	  Durchgang, durch den er gekommen war. Die Schritte wurden
	  lauter und lauter, er sah eine dunkle Gestalt um die Ecke
	  biegen. Fieberhaft irrten seine Augen durch die nächtliche
	  Dunkelheit und suchten einen Ausweg. War jetzt wirklich
	  alles vorbei?</p>
        </level2>
        <level2>
          <h2>Er hörte leise</h2>
          <p>Es gibt im Moment in diese Mannschaft, oh, einige Spieler
          vergessen ihnen Profi was sie sind. Ich lese nicht sehr
          viele Zeitungen, aber ich habe gehört viele Situationen.
          Erstens: wir haben nicht offensiv gespielt. Es gibt keine
          deutsche Mannschaft spielt offensiv und die Name offensiv
          wie Bayern. Letzte Spiel hatten wir in Platz drei Spitzen:
          Elber, Jancka und dann Zickler. Wir müssen nicht vergessen
          Zickler. Zickler ist eine Spitzen mehr, Mehmet eh mehr
          Basler. Ist klar diese Wörter, ist möglich verstehen, was
          ich hab gesagt? Danke. Offensiv, offensiv ist wie machen wir
          in Platz. Zweitens: ich habe erklärt mit diese zwei Spieler:
          nach Dortmund brauchen vielleicht Halbzeit Pause. Ich habe
          auch andere Mannschaften gesehen in Europa nach diese
          Mittwoch. Ich habe gesehen auch zwei Tage die Training. Ein
          Trainer ist nicht ein Idiot! Ein Trainer sei sehen was
          passieren in Platz. In diese Spiel es waren zwei, drei diese
          Spieler waren schwach wie eine Flasche leer! Haben Sie
          gesehen Mittwoch, welche Mannschaft hat gespielt Mittwoch?
          Hat gespielt Mehmet oder gespielt Basler oder hat gespielt
          Trapattoni? Diese Spieler beklagen mehr als sie spielen!
          Wissen Sie, warum die Italienmannschaften kaufen nicht diese
          Spieler? Weil wir haben gesehen viele Male solche Spiel!
          Haben fertig.</p>
	  <p>Er hörte leise Schritte hinter sich. Das bedeutete nichts
	  Gutes. Wer würde ihm schon folgen, spät in der Nacht und
	  dazu noch in dieser engen Gasse mitten im übel beleumundeten
	  Hafenviertel? Gerade jetzt, wo er das Ding seines Lebens
	  gedreht hatte und mit der Beute verschwinden wollte! Hatte
	  einer seiner zahllosen Kollegen dieselbe Idee gehabt, ihn
	  beobachtet und abgewartet, um ihn nun um die Früchte seiner
	  Arbeit zu erleichtern? Oder gehörten die Schritte hinter ihm
	  zu einem der unzähligen Gesetzeshüter dieser Stadt, und die
	  stählerne Acht um seine Handgelenke würde gleich
	  zuschnappen? Er konnte die Aufforderung stehen zu bleiben
	  schon hören. Gehetzt sah er sich um. Plötzlich erblickte er
	  den schmalen Durchgang. Blitzartig drehte er sich nach
	  rechts und verschwand zwischen den beiden Gebäuden. Beinahe
	  wäre er dabei über den umgestürzten Mülleimer gefallen, der
	  mitten im Weg lag. Er versuchte, sich in der Dunkelheit
	  seinen Weg zu ertasten und erstarrte: Anscheinend gab es
	  keinen anderen Ausweg aus diesem kleinen Hof als den
	  Durchgang, durch den er gekommen war. Die Schritte wurden
	  lauter und lauter, er sah eine dunkle Gestalt um die Ecke
	  biegen. Fieberhaft irrten seine Augen durch die nächtliche
	  Dunkelheit und suchten einen Ausweg. War jetzt wirklich
	  alles vorbei.</p>
        </level2>
        <level2>
          <h2>Zum Autor</h2>
	  <p>Dies ist ein Typoblindtext. An ihm kann man sehen, ob
	  alle Buchstaben da sind und wie sie aussehen. Manchmal
	  benutzt man Worte wie Hamburgefonts, Rafgenduks oder
	  Handgloves, um Schriften zu testen. Ma</p>
        </level2>
      </level1>
      <level1>
        <blockquote>
          <p class="noindent">Für meine liebe Tochter</p>
          <p class="noindent">Tusnelda</p>
        </blockquote>
      </level1>

      <level1>
        <poem>
          <hd>Gedichte</hd>
          <linegroup>
            <line>Zwei flinke Boxer jagen die quirlige Eva und ihren Mops durch Sylt.</line>
            <line>Franz jagt im komplett verwahrlosten Taxi quer durch Bayern.</line>
            <line>Zwölf Boxkämpfer jagen Viktor quer über den großen Sylter Deich.</line>
            <line>Polyfon zwitschernd aßen Mäxchens Vögel Rüben, Joghurt und Quark.</line>
          </linegroup>
          <linegroup>
            <line>Zwei flinke Boxer jagen die quirlige Eva und ihren Mops durch Sylt.</line>
            <line>Franz jagt im komplett verwahrlosten Taxi quer durch Bayern.</line>
            <line>Zwölf Boxkämpfer jagen Viktor quer über den großen Sylter Deich.</line>
            <line>Polyfon zwitschernd aßen Mäxchens Vögel Rüben, Joghurt und Quark.</line>
          </linegroup>
          <linegroup>
            <line>Zwei flinke Boxer jagen die quirlige Eva und ihren Mops durch Sylt.</line>
            <line>Franz jagt im komplett verwahrlosten Taxi quer durch Bayern.</line>
            <line>Zwölf Boxkämpfer jagen Viktor quer über den großen Sylter Deich.</line>
            <line>Polyfon zwitschernd aßen Mäxchens Vögel Rüben, Joghurt und Quark.</line>
          </linegroup>
          <linegroup>
            <line>Zwei flinke Boxer jagen die quirlige Eva und ihren Mops durch Sylt.</line>
            <line>Franz jagt im komplett verwahrlosten Taxi quer durch Bayern.</line>
            <line>Zwölf Boxkämpfer jagen Viktor quer über den großen Sylter Deich.</line>
            <line>Polyfon zwitschernd aßen Mäxchens Vögel Rüben, Joghurt und Quark.</line>
          </linegroup>
          <byline>Blindtextgenerator, 1899</byline>
        </poem>
      </level1>
    </frontmatter>
    <bodymatter>
      <level1>
        <pagenum id="page-10" page="normal">10</pagenum>
        <h1>Headings</h1>
	<p>Lorem ipsum dolor sit amet, consectetuer adipiscing elit.
	Aenean commodo ligula eget dolor. Aenean massa. Cum sociis
	natoque penatibus et magnis dis parturient montes, nascetur
	ridiculus mus. Donec quam felis, ultricies nec, pellentesque
	eu, pretium quis, sem. Nulla consequat massa quis enim. Donec
	pede justo, fringilla vel, aliquet nec, vulputate</p>
        <level2>
          <h2>Kapitel 1.1</h2>
	  <p>Dies ist ein Typoblindtext. An ihm kann man sehen, ob
	  alle Buchstaben da sind und wie sie aussehen. Manchmal
	  benutzt man Worte wie Hamburgefonts, Rafgenduks oder
	  Handgloves, um Schriften zu testen. Manchmal Sätze, die alle
	  Buchstaben des Alphabets enthalten -</p>
          <level3>
            <h3>Kapitel 1.1.1</h3>
	    <p>Jemand musste Josef K. verleumdet haben, denn ohne dass
	    er etwas Böses getan hätte, wurde er eines Morgens
	    verhaftet. »Wie ein Hund!« sagte er, es war, als sollte
	    die Scham ihn überleben. Als Gregor Samsa eines Morgens
	    aus unruhigen Träumen</p>
            <level4>
              <h4>Kapitel 1.1.1.1</h4>
	      <p>Überall dieselbe alte Leier. Das Layout ist fertig,
	      der Text lässt auf sich warten. Damit das Layout nun
	      nicht nackt</p>
              <level5>
                <h5>Kapitel 1.1.1.1.1</h5>
		<p>Überall dieselbe alte Leier. Das Layout ist fertig,
		der Text lässt auf sich warten. Damit das Layout nun
		nicht nackt</p>
                <level6>
                  <h6>Kapitel 1.1.1.1.1.1</h6>
		  <p>Weit hinten, hinter den Wortbergen, fern der
		  Länder Vokalien und Konsonantien leben die
		  Blindtexte. Abgeschieden wohnen sie in
		  Buchstabhausen an</p>
                </level6>
              </level5>
            </level4>
          </level3>
        </level2>
	<p>Li Europan lingues es membres del sam familie. Lor separat
	existentie es un myth. <pagenum id="page-11" page="normal">11</pagenum> Por scientie, musica, sport etc,
	litot</p>
	<p class="precedingemptyline">Auch gibt es keine precedingemptyline, die den Schmerz an sich liebt, sucht oder wünscht, nur, weil er Schmerz ist, es sei</p>
	<p class="noindent">Auch gibt es keinen noindent, der den Schmerz an sich liebt, sucht oder wünscht, nur, weil er Schmerz ist, es sei</p>
        <pagenum id="page-12" page="normal">12</pagenum>
	<p class="precedingemptyline">Auch gibt es keine precedingemptyline, die den Schmerz an sich liebt, sucht oder wünscht, nur, weil er Schmerz ist, es sei</p>
        <pagenum id="page-13" page="normal">13</pagenum>
	<p class="precedingseparator">Auch gibt es keinen precedingseparator, der den Schmerz an sich liebt, sucht oder wünscht, nur, weil er Schmerz ist, es sei</p>
	<p class="precedingseparator noindent">Auch gibt es keinen precedingseparator und noindent, die den Schmerz an sich lieben, suchen oder wünschen, nur, weil es Schmerz ist, es sei</p>
      </level1>

      <level1>
        <pagenum id="page-17" page="normal">17</pagenum>
        <h1>Tabellen</h1>
        <table>
          <caption>Fünf Länder im Vergleich</caption>
          <thead>
            <tr>
              <th>Land</th>
              <th>Hauptstadt</th>
              <th>Währung</th>
              <th>Amtssprache</th>
            </tr>
          </thead>
	  <tfoot>
	    <tr><td>Eine Fusszeile für die Tabelle</td></tr>
	  </tfoot>
          <tbody>
            <tr>
              <td><abbr>USA</abbr></td>
              <td>Washington</td>
              <td><abbr>US</abbr>-Dollar</td>
              <td>Englisch</td>
            </tr>
            <tr>
              <td>Japan</td>
              <td>Tokio</td>
              <td>Yen</td>
              <td>Japanisch</td>
            </tr>
            <tr>
              <td>Indien</td>
              <td>Neu-Delhi</td>
              <td>Rupie</td>
              <td>Hindi</td>
            </tr>
            <tr>
              <td>Grönland</td>
              <td>Nuuk</td>
              <td>Dänische Krone</td>
              <td>Dänisch</td>
            </tr>
            <tr>
              <td>Brasilien</td>
              <td>Brasília</td>
              <td>Real</td>
              <td>Portugiesisch</td>
            </tr>
          </tbody>
        </table>
      </level1>

      <level1>
        <h1>Citations, Quotations und Epigraphs</h1>
	<p><cite>Dies ist ein Typoblindtext. An ihm kann man sehen, ob alle Buchstaben da sind und wie sie aussehen. Manchmal benutzt
	<author>Typoblindtext</author> <title>Typoblindtext</title></cite></p>
	  
	<p>Dies ist ein Typoblindtext. An ihm kann man sehen, ob alle Buchstaben da sind und wie sie aussehen. Manchmal benutzt</p>

	<pagenum id="page-14" page="normal">14</pagenum>

	<p>Dies ist ein Typoblindtext, <q>"An ihm kann man sehen, ob alle Buchstaben da sind!"</q>.</p>
	
        <blockquote>
	  <p>Weit hinten, hinter den Wortbergen, fern der Länder Vokalien und Konsonantien leben die Blindtexte. Abgeschieden
	  wohnen sie in Buchstabhausen an</p>
          <p class="precedingemptyline">Hallo, dies ist ein Blockquote, es erscheint eingerückt.</p>
          <author>W.A. Mozart</author>
	  <dateline>25. Januar 2025</dateline>
        </blockquote>

        <pagenum id="page-16" page="normal">16</pagenum>
	<p class="precedingemptyline">Weit hinten, hinter den Wortbergen, fern der Länder Vokalien und Konsonantien leben die
	Blindtexte. Abgeschieden wohnen sie in Buchstabhausen an</p>

	<epigraph>
	  <p>Dies ist ein Typoblindtext. An ihm kann man sehen, ob alle Buchstaben da sind und wie sie aussehen. Manchmal benutzt</p>
          <byline>By epigraph</byline>
        </epigraph>
        <epigraph>
	  <linegroup>
	    <line>In Gedenken an</line>
	    <line>die erste Atlatiküberfliegerin</line>
	  </linegroup>
        </epigraph>
      </level1>

      <level1>
        <poem>
          <hd>Poems</hd>
          <linegroup>
            <line>Zwei flinke Boxer jagen die quirlige Eva und ihren Mops durch Sylt.</line>
            <line>Franz jagt im komplett verwahrlosten Taxi quer durch Bayern.</line>
            <line>Zwölf Boxkämpfer jagen Viktor quer über den großen Sylter Deich.</line>
            <line>Polyfon zwitschernd aßen Mäxchens Vögel Rüben, Joghurt und Quark.</line>
          </linegroup>
          <linegroup>
            <line>Zwei flinke Boxer jagen die quirlige Eva und ihren Mops durch Sylt.</line>
            <line>Franz jagt im komplett verwahrlosten Taxi quer durch Bayern.</line>
            <line>Zwölf Boxkämpfer jagen Viktor quer über den großen Sylter Deich.</line>
            <line>Polyfon zwitschernd aßen Mäxchens Vögel Rüben, Joghurt und Quark.</line>
          </linegroup>
          <linegroup>
            <line>Zwei flinke Boxer jagen die quirlige Eva und ihren Mops durch Sylt.</line>
            <line>Franz jagt im komplett verwahrlosten Taxi quer durch Bayern.</line>
            <line>Zwölf Boxkämpfer jagen Viktor quer über den großen Sylter Deich.</line>
            <line>Polyfon zwitschernd aßen Mäxchens Vögel Rüben, Joghurt und Quark.</line>
          </linegroup>
          <linegroup>
            <line><linenum>1</linenum>Zwei flinke Boxer jagen die quirlige Eva und ihren Mops durch Sylt.</line>
            <line><linenum>2</linenum>Franz jagt im komplett verwahrlosten Taxi quer durch Bayern.</line>
            <line><linenum>3</linenum>Zwölf Boxkämpfer jagen Viktor quer über den großen Sylter Deich.</line>
            <line><linenum>4</linenum>Polyfon zwitschernd aßen Mäxchens Vögel Rüben, Joghurt und Quark.</line>
          </linegroup>
          <byline>Blindtextgenerator, 1899</byline>
	  <dateline>25. Januar 2025</dateline>
        </poem>
      </level1>
      
      <level1>
	<h1>Links</h1>
	<level2>
	  <h2><a id="folgerung">Folgerung</a></h2>
	  <p>Wer <q>"A"</q> sagt, muss auch <q>"B"</q> sagen (siehe <a href="#umkehrschluss">Umkehrschluss</a>)</p>
	</level2>
	<level2>
	  <h2><a id="umkehrschluss">Umkehrschluss</a></h2>
	  <p>Wer <q>"B"</q> sagt, muss nicht unbedingt <q>"A"</q> sagen (siehe <a href="#folgerung">Folgerung</a>)</p>
	</level2>
      </level1>

      <level1>
        <h1>Address</h1>
	<address>
          <line>SBS Schweizerische Bibliothek für Blinde, Seh- und Lesebehinderte</line> 
          <line>Grubenstrasse 12</line> 
          <line>CH-8045 Zürich</line> 
          <line>Switzerland</line> 
	</address> 
      </level1>

      <level1>
        <h1>Samples</h1>
	<p>Typing <code>echo "foo"</code> will result in <samp>foo</samp>.</p>
	
	<samp>
	  Formular: Antrag <br/>
	  Name:   ________ <br/>
	  Vorname ________ <br/>
	</samp>
      </level1>

      <level1>
        <h1>Sentences und Words</h1>
	<p><sent><w>Dies</w> <w>ist</w> <w>ein</w> <w>Typoblindtext</w>.</sent> <sent><w>An</w> <w>ihm</w> <w>kann</w> <w>man</w>
	<w>sehen</w>, <w>ob</w> <w>alle</w> <w>Buchstaben</w> <w>da</w> <w>sind</w> <w>und</w> <w>wie</w> <w>sie</w>
	<w>aussehen</w>.</sent></p>
      </level1>

      <level1>
        <pagenum id="page-18" page="normal">18</pagenum>
        <h1>Listen</h1>
        <dl>
          <dt>Typoblindtext</dt>
          <dd>Dies ist ein Typoblindtext. An ihm kann man sehen, ob alle Buchstaben da sind und wie sie aussehen. Manchmal benutzt</dd>
          <dt>Typoblindtext</dt>
          <dd>Dies ist ein Typoblindtext. An ihm kann man sehen, ob alle Buchstaben da sind und wie sie aussehen. Manchmal benutzt</dd>
          <dt>Typoblindtext</dt>
          <dd>Dies ist ein Typoblindtext. An ihm kann man sehen, ob alle Buchstaben da sind und wie sie aussehen. Manchmal benutzt</dd>
        </dl>
        <bridgehead>Listentypen <br/>Umbruch</bridgehead>
        <list type="pl">
          <hd>pl-Liste</hd>
          <li>pl Dies ist ein Typoblindtext. An ihm kann man sehen, ob alle Buchstaben da sind und wie sie aussehen. Manchmal benutzt</li>
          <li>pl Dies ist ein Typoblindtext. An ihm kann man sehen, ob alle Buchstaben da sind und wie sie aussehen. Manchmal benutzt</li>
          <li>pl Dies ist ein Typoblindtext. An ihm kann man sehen, ob alle Buchstaben da sind und wie sie aussehen. Manchmal benutzt
	  <list type="pl">
            <li>pl Dies ist ein Typoblindtext. An ihm kann man sehen, ob alle Buchstaben da sind und wie sie aussehen. Manchmal benutzt</li>
            <li>pl Dies ist ein Typoblindtext. An ihm kann man sehen, ob alle Buchstaben da sind und wie sie aussehen. Manchmal benutzt</li>
            <li>pl Dies ist ein Typoblindtext. An ihm kann man sehen, ob alle Buchstaben da sind und wie sie aussehen. Manchmal benutzt
	    <list type="ol">
              <li>ol Dies ist ein Typoblindtext. An ihm kann man sehen, ob alle Buchstaben da sind und wie sie aussehen. Manchmal benutzt</li>
              <li>ol Dies ist ein Typoblindtext. An ihm kann man sehen, ob alle Buchstaben da sind und wie sie aussehen. Manchmal benutzt</li>
            </list>
	    </li>
          </list>
	  </li>
          <li>pl Dies ist ein Typoblindtext. An ihm kann man sehen, ob alle Buchstaben da sind und wie sie aussehen. Manchmal benutzt
	  <list type="pl">
            <li>pl Dies ist ein Typoblindtext. An ihm kann man sehen, ob alle Buchstaben da sind und wie sie aussehen. Manchmal benutzt</li>
            <li>pl Dies ist ein Typoblindtext. An ihm kann man sehen, ob alle Buchstaben da sind und wie sie aussehen. Manchmal benutzt</li>
            <li>pl Dies ist ein Typoblindtext. An ihm kann man sehen, ob alle Buchstaben da sind und wie sie aussehen. Manchmal benutzt
	    <list type="ol">
              <li>ol Dies ist ein Typoblindtext. An ihm kann man sehen, ob alle Buchstaben da sind und wie sie aussehen. Manchmal benutzt</li>
              <li>ol Dies ist ein Typoblindtext. An ihm kann man sehen, ob alle Buchstaben da sind und wie sie aussehen. Manchmal benutzt</li>
            </list>
	    </li>
          </list>
	  </li>
          <li>pl Dies ist ein Typoblindtext. An ihm kann man sehen, ob alle Buchstaben da sind und wie sie aussehen. Manchmal benutzt</li>
          <li>pl Dies ist ein Typoblindtext. An ihm kann man sehen, ob alle Buchstaben da sind und wie sie aussehen. Manchmal benutzt
	  <list type="ul">
            <li>ul Dies ist ein Typoblindtext. An ihm kann man sehen, ob alle Buchstaben da sind und wie sie aussehen. Manchmal benutzt</li>
            <li>ul Dies ist ein Typoblindtext. An ihm kann man sehen, ob alle Buchstaben da sind und wie sie aussehen. Manchmal benutzt</li>
          </list>
	  </li>
        </list>
        <list type="ul">
          <hd>ul-Liste</hd>
          <li>ul Dies ist ein Typoblindtext. An ihm kann man sehen, ob alle Buchstaben da sind und wie sie aussehen. Manchmal benutzt<list type="ul">
              <li>ul Dies ist ein Typoblindtext. An ihm kann man sehen, ob alle Buchstaben da sind und wie sie aussehen. Manchmal benutzt</li>
              <li>ul Dies ist ein Typoblindtext. An ihm kann man sehen, ob alle Buchstaben da sind und wie sie aussehen. Manchmal benutzt</li>
              <li>ul Dies ist ein Typoblindtext. An ihm kann man sehen, ob alle Buchstaben da sind und wie sie aussehen. Manchmal benutzt</li>
              <li>ul Dies ist ein Typoblindtext. An ihm kann man sehen, ob alle Buchstaben da sind und wie sie aussehen. Manchmal benutzt<list type="ul">
                  <li>ul Dies ist ein Typoblindtext. An ihm kann man sehen, ob alle Buchstaben da sind und wie sie aussehen. Manchmal benutzt</li>
                  <li>ul Dies ist ein Typoblindtext. An ihm kann man sehen, ob alle Buchstaben da sind und wie sie aussehen. Manchmal benutzt</li>
                </list></li>
            </list></li>
          <li>ul Dies ist ein Typoblindtext. An ihm kann man sehen, ob alle Buchstaben da sind und wie sie aussehen. Manchmal benutzt</li>
          <li>ul Dies ist ein Typoblindtext. An ihm kann man sehen, ob alle Buchstaben da sind und wie sie aussehen. Manchmal benutzt</li>
          <li>ul Dies ist ein Typoblindtext. An ihm kann man sehen, ob alle Buchstaben da sind und wie sie aussehen. Manchmal benutzt</li>
          <li>ul Dies ist ein Typoblindtext. An ihm kann man sehen, ob alle Buchstaben da sind und wie sie aussehen. Manchmal benutzt<list type="ol">
              <li>ol Dies ist ein Typoblindtext. An ihm kann man sehen, ob alle Buchstaben da sind und wie sie aussehen. Manchmal benutzt</li>
              <li>ol Dies ist ein Typoblindtext. An ihm kann man sehen, ob alle Buchstaben da sind und wie sie aussehen. Manchmal benutzt</li>
            </list></li>
        </list>
        <list type="ol">
          <hd>ol-Liste</hd>
          <li>ol Dies ist ein Typoblindtext. An ihm kann man sehen, ob alle Buchstaben da sind und wie sie aussehen. Manchmal benutzt</li>
          <li>ol Dies ist ein Typoblindtext. An ihm kann man sehen, ob alle Buchstaben da sind und wie sie aussehen. Manchmal benutzt<list type="ol">
              <li>ol Dies ist ein Typoblindtext. An ihm kann man sehen, ob alle Buchstaben da sind und wie sie aussehen. Manchmal benutzt</li>
              <li>ol Dies ist ein Typoblindtext. An ihm kann man sehen, ob alle Buchstaben da sind und wie sie aussehen. Manchmal benutzt</li>
            </list></li>
          <li>ol Dies ist ein Typoblindtext. An ihm kann man sehen, ob alle Buchstaben da sind und wie sie aussehen. Manchmal benutzt</li>
          <li>ol Dies ist ein Typoblindtext. An ihm kann man sehen, ob alle Buchstaben da sind und wie sie aussehen. Manchmal benutzt<list type="ol" enum="1">
              <li>ol Dies ist ein Typoblindtext. An ihm kann man sehen, ob alle Buchstaben da sind und wie sie aussehen. Manchmal benutzt</li>
              <li>ol Dies ist ein Typoblindtext. An ihm kann man sehen, ob alle Buchstaben da sind und wie sie aussehen. Manchmal benutzt</li>
            </list></li>
          <li>ol Dies ist ein Typoblindtext. An ihm kann man sehen, ob alle Buchstaben da sind und wie sie aussehen. Manchmal benutzt</li>
          <li>ol Dies ist ein Typoblindtext. An ihm kann man sehen, ob alle Buchstaben da sind und wie sie aussehen. Manchmal benutzt</li>
        </list>
        <p class="noindent">Leerzeile nach äusserster Liste</p>
      </level1>
      
      <level1>
        <pagenum id="page-19" page="normal">19</pagenum>
        <h1>Images</h1>
	<p>
	  <imggroup>
	    <img id="last_judgement" src="greatpainters-last_judgement.jpg" alt="Das jüngste Gerichtd von Michaelangelo"/>
	    <caption imgref="last_judgement">Das jüngste Gericht</caption>
            <prodnote imgref="last_judgement" render="required">
              <p>Das Fresko des Jüngsten Gerichts in der Sixtinischen Kapelle ist eines der berühmtesten Einzelbilder der Welt</p>
            </prodnote>
	  </imggroup>
	</p>
        <p>Dies ist eine <prodnote render="required">Anmerkung</prodnote> des Übertragers.</p>
      </level1>

      <level1>
	<h1>Prodnote</h1>
	<prodnote render="optional">Dies ist ein Typoblindtext. An ihm kann man sehen, ob alle Buchstaben da sind und wie sie
	aussehen.</prodnote>
      </level1>

      <level1>
	<h1>Sidebars</h1>
        <sidebar render="required">
          <hd>Wichtige Bauernregel:</hd>
          <p>Kräht der Hahn auf dem Mist, ändert sich's Wetter oder bleibt wie's ist.</p>
        </sidebar>
      </level1>

      <level1>
        <pagenum id="page-20" page="normal">20</pagenum>
        <h1>Notes und Annotations</h1>
	<level2>
	  <h2>Notes</h2>
          <p>Er hörte leise Schritte hinter sich. Das bedeutete nichts
          Gutes. Wer würde ihm schon folgen, spät in der Nacht und dazu
          noch in dieser engen Gasse<noteref idref="#fn1">*</noteref>
          mitten im übel beleumundeten Hafenviertel?</p>
          <p>Er hörte leise Schritte hinter sich. Das bedeutete nichts
          Gutes. Wer würde ihm schon folgen, spät in der Nacht und dazu
          noch in dieser engen Gasse<noteref idref="#fn2">*</noteref>
          mitten im übel beleumundeten Hafenviertel?</p>
          <p>Er hörte leise Schritte hinter sich. Das bedeutete nichts
          Gutes. Wer würde ihm schon folgen, spät in der Nacht und dazu
          noch in dieser engen Gasse<noteref idref="#fn3">*</noteref>
          mitten im übel beleumundeten Hafenviertel?</p>
          <p>Er hörte leise Schritte hinter sich. Das bedeutete nichts
          Gutes. Wer würde ihm schon folgen, spät in der Nacht und dazu
          noch in dieser engen Gasse<noteref idref="#fn4">*</noteref>
          mitten im übel beleumundeten Hafenviertel?</p>
          <p>Er hörte leise Schritte hinter sich. Das bedeutete nichts
          Gutes. Wer würde ihm schon folgen, spät in der Nacht und dazu
          noch in dieser engen Gasse<noteref idref="#fn5">*</noteref>
          mitten im übel beleumundeten Hafenviertel?</p>
          <blockquote>
            <p>Es gibt im Moment in diese Mannschaft, oh, einige Spieler
            vergessen ihnen Profi was sie sind. Ich lese nicht sehr
            viele Zeitungen, aber ich habe gehört viele Situationen.</p>
            <p>Es gibt im Moment in diese Mannschaft, oh, einige Spieler
            vergessen ihnen Profi was sie sind. Ich lese nicht sehr
            viele Zeitungen, aber ich habe gehört viele Situationen.</p>
            <p>Es gibt im Moment in diese Mannschaft, oh, einige Spieler
            vergessen ihnen Profi was sie sind. Ich lese nicht sehr
            viele Zeitungen, aber ich habe gehört viele Situationen.</p>
            <p>Es gibt im Moment in diese Mannschaft, oh, einige Spieler
            vergessen ihnen Profi was sie sind. Ich lese nicht sehr
            viele Zeitungen, aber ich habe gehört viele Situationen.</p>
          </blockquote>
          <note id="fn1">
            <p>Dies ist der Kommentar zu Fussnote 1</p>
          </note>
          <note id="fn2">
          <p>Dies ist der Kommentar zu Fussnote 2</p>
          </note>
          <note id="fn3">
            <p>Dies ist der Kommentar zu Fussnote 3</p>
          </note>
          <note id="fn4">
            <p>Dies ist der Kommentar zu Fussnote 4</p>
          </note>
          <note id="fn5">
            <p>Dies ist der Kommentar zu Fussnote 5</p>
          </note>
	</level2>
	<level2>
	  <h2>Annotations</h2>
          <p>Er hörte leise Schritte hinter sich. Das bedeutete nichts
          Gutes. Wer würde ihm schon folgen, spät in der Nacht und dazu
          noch in dieser engen Gasse<annoref idref="#an1">*</annoref>
          mitten im übel beleumundeten Hafenviertel?</p>
          <p>Er hörte leise Schritte hinter sich. Das bedeutete nichts
          Gutes. Wer würde ihm schon folgen, spät in der Nacht und dazu
          noch in dieser engen Gasse<annoref idref="#an2">*</annoref>
          mitten im übel beleumundeten Hafenviertel?</p>
          <p>Er hörte leise Schritte hinter sich. Das bedeutete nichts
          Gutes. Wer würde ihm schon folgen, spät in der Nacht und dazu
          noch in dieser engen Gasse<annoref idref="#an3">*</annoref>
          mitten im übel beleumundeten Hafenviertel?</p>
	  <annotation id="an1">
            <p>Dies ist die Annotation zu 1</p>
	  </annotation>
	  <annotation id="an2">
            <p>Dies ist die Annotation zu 2</p>
	  </annotation>
	  <annotation id="an3">
            <p>Dies ist die Annotation zu 3</p>
	  </annotation>
	</level2>
      </level1>
      
      <level1>
        <pagenum id="page-24" page="normal">24</pagenum>
        <h1>Special, inline, Abbreviation und Acronyms</h1>
	<p>Weit hinten, hinter den Wortbergen<sup>ohne</sup>, fern der
	Länder<sub>mit</sub> Vokalien und <span>Konsonantien</span>
	leben die <br/>Blindtexte n der Küste des <q>Semantik</q>,
	eines großen Sprachozeans. Ein kleines Bächlein.</p>

	<p>Eine Formel: e<sup>x<sup>2</sup></sup>. CO<sub>2</sub>-Ausstoss.</p>
	
	<p><bdo dir="ltr">Abgeschieden wohnen sie in Buchstabhausen an</bdo></p>
	<p><bdo dir="rtl">Abgeschieden wohnen sie in Buchstabhausen an</bdo></p>

	<p>Weit hinten, <em>hinter</em> den Wortbergen,
	<strong>fern</strong> der Länder Vokalien und Konsonantien
	leben die Blindtexte. Abgeschieden wohnen sie in
	<code>Code</code> an der <dfn>Definition</dfn> des
	<kbd>CTRL-C</kbd>, eines großen Sprachozeans. Ein kleines
	Bächlein</p>

        <p>Die <abbr>GmbH</abbr> wurde in eine <abbr>AG</abbr> umgewandelt.</p>
	<p><acronym>Kripo</acronym> steht für Kriminalpolizei</p>
      </level1>

      <level1>
        <h1>Span</h1>
	<p>Weit hinten, <span class="sic">fern der Länder Vokalien</span> und Konsonantien</p>
      </level1>

      <level1>
        <pagenum id="page-25" page="normal">25</pagenum>
        <h1>Code</h1>
	<p>Weit hinten, <code>print "Hello world"</code> fern der Länder Vokalien und Konsonantien</p>

	<p>
	  <code>
	    struct State {
	        id: usize,
	        is_final: bool,
	    }
	  </code>
	</p>
      </level1>
    </bodymatter>
  </book>
</dtbook>